INDIKATOR_GRUPPE,INDIKATOR_BEZEICHNUNG,INDIKATOR_AUSPRAEGUNG,INDIKATOR_WERT,BASISWERT_1,BASISWERT_2,BASISWERT_3,BASISWERT_4,BASISWERT_5,NAME_BASISWERT1,NAME_BASISWERT2,NAME_BASISWERT3,NAME_BASISWERT4,NAME_BASISWERT5,JAHR,GLIEDERUNG,NUMMER,NAME
Gesundheit,Apotheken,Wert,2471.9,54382,22,,,,Hauptwohnsitzbevölkerung,Apotheken,,,,2006,Stadtbezirk,5,05 Au - Haidhausen
Gesundheit,Apotheken,Wert,6739.4,53915,8,,,,Hauptwohnsitzbevölkerung,Apotheken,,,,2006,Stadtbezirk,15,15 Trudering - Riem
Gesundheit,Apotheken,Wert,3133.5,84604,27,,,,Hauptwohnsitzbevölkerung,Apotheken,,,,2006,Stadtbezirk,9,09 Neuhausen - Nymphenburg
Gesundheit,Apotheken,Wert,2942.8,50028,17,,,,Hauptwohnsitzbevölkerung,Apotheken,,,,2006,Stadtbezirk,25,25 Laim
Gesundheit,Apotheken,Wert,4627.5,50903,11,,,,Hauptwohnsitzbevölkerung,Apotheken,,,,2006,Stadtbezirk,7,07 Sendling - Westpark
Gesundheit,Apotheken,Wert,3602.7,75657,21,,,,Hauptwohnsitzbevölkerung,Apotheken,,,,2006,Stadtbezirk,13,13 Bogenhausen
Gesundheit,Apotheken,Wert,3785.7,37857,10,,,,Hauptwohnsitzbevölkerung,Apotheken,,,,2006,Stadtbezirk,22,22 Aubing - Lochhausen - Langwied
Gesundheit,Apotheken,Wert,3729.0,26103,7,,,,Hauptwohnsitzbevölkerung,Apotheken,,,,2006,Stadtbezirk,8,08 Schwanthalerhöhe
Gesundheit,Apotheken,Wert,4187.0,66992,16,,,,Hauptwohnsitzbevölkerung,Apotheken,,,,2006,Stadtbezirk,11,11 Milbertshofen - Am Hart
Gesundheit,Apotheken,Wert,3258.5,1326206,407,,,,Hauptwohnsitzbevölkerung,Apotheken,,,,2006,Gesamtstadt,#100,Stadt München
Gesundheit,Apotheken,Wert,4667.7,102689,22,,,,Hauptwohnsitzbevölkerung,Apotheken,,,,2006,Stadtbezirk,16,16 Ramersdorf - Perlach
Gesundheit,Apotheken,Wert,6027.2,54245,9,,,,Hauptwohnsitzbevölkerung,Apotheken,,,,2006,Stadtbezirk,24,24 Feldmoching - Hasenbergl
Gesundheit,Apotheken,Wert,3362.5,80701,24,,,,Hauptwohnsitzbevölkerung,Apotheken,,,,2006,Stadtbezirk,19,19 Thalkirchen - Obersendling - Forstenried - Fürstenried - Solln
Gesundheit,Apotheken,Wert,4006.3,48075,12,,,,Hauptwohnsitzbevölkerung,Apotheken,,,,2006,Stadtbezirk,18,18 Untergiesing - Harlaching
Gesundheit,Apotheken,Wert,3750.8,63763,17,,,,Hauptwohnsitzbevölkerung,Apotheken,,,,2006,Stadtbezirk,21,21 Pasing - Obermenzing
Gesundheit,Apotheken,Wert,3900.6,39006,10,,,,Hauptwohnsitzbevölkerung,Apotheken,,,,2006,Stadtbezirk,14,14 Berg am Laim
Gesundheit,Apotheken,Wert,5546.0,27730,5,,,,Hauptwohnsitzbevölkerung,Apotheken,,,,2006,Stadtbezirk,23,23 Allach - Untermenzing
Gesundheit,Apotheken,Wert,4775.4,47754,10,,,,Hauptwohnsitzbevölkerung,Apotheken,,,,2006,Stadtbezirk,10,10 Moosach
Gesundheit,Apotheken,Wert,2835.9,59553,21,,,,Hauptwohnsitzbevölkerung,Apotheken,,,,2006,Stadtbezirk,4,04 Schwabing - West
Gesundheit,Apotheken,Wert,2229.6,62430,28,,,,Hauptwohnsitzbevölkerung,Apotheken,,,,2006,Stadtbezirk,12,12 Schwabing - Freimann
Gesundheit,Apotheken,Wert,3357.6,47007,14,,,,Hauptwohnsitzbevölkerung,Apotheken,,,,2006,Stadtbezirk,17,17 Obergiesing - Fasangarten
Gesundheit,Apotheken,Wert,3714.6,37146,10,,,,Hauptwohnsitzbevölkerung,Apotheken,,,,2006,Stadtbezirk,6,06 Sendling
Gesundheit,Apotheken,Wert,4499.3,44993,10,,,,Hauptwohnsitzbevölkerung,Apotheken,,,,2006,Stadtbezirk,20,20 Hadern
Gesundheit,Apotheken,Wert,2193.2,46058,21,,,,Hauptwohnsitzbevölkerung,Apotheken,,,,2006,Stadtbezirk,3,03 Maxvorstadt
Gesundheit,Apotheken,Wert,1429.3,45736,32,,,,Hauptwohnsitzbevölkerung,Apotheken,,,,2006,Stadtbezirk,2,02 Ludwigsvorstadt - Isarvorstadt
Gesundheit,Apotheken,Wert,820.7,18876,23,,,,Hauptwohnsitzbevölkerung,Apotheken,,,,2006,Stadtbezirk,1,01 Altstadt - Lehel
Gesundheit,Apotheken,Wert,4524.3,67864,15,,,,Hauptwohnsitzbevölkerung,Apotheken,,,,2007,Stadtbezirk,11,11 Milbertshofen - Am Hart
Gesundheit,Apotheken,Wert,4702.1,103447,22,,,,Hauptwohnsitzbevölkerung,Apotheken,,,,2007,Stadtbezirk,16,16 Ramersdorf - Perlach
Gesundheit,Apotheken,Wert,2796.1,61514,22,,,,Hauptwohnsitzbevölkerung,Apotheken,,,,2007,Stadtbezirk,4,04 Schwabing - West
Gesundheit,Apotheken,Wert,836.0,19228,23,,,,Hauptwohnsitzbevölkerung,Apotheken,,,,2007,Stadtbezirk,1,01 Altstadt - Lehel
Gesundheit,Apotheken,Wert,7060.9,56487,8,,,,Hauptwohnsitzbevölkerung,Apotheken,,,,2007,Stadtbezirk,15,15 Trudering - Riem
Gesundheit,Apotheken,Wert,6163.9,55475,9,,,,Hauptwohnsitzbevölkerung,Apotheken,,,,2007,Stadtbezirk,24,24 Feldmoching - Hasenbergl
Gesundheit,Apotheken,Wert,3428.5,82283,24,,,,Hauptwohnsitzbevölkerung,Apotheken,,,,2007,Stadtbezirk,19,19 Thalkirchen - Obersendling - Forstenried - Fürstenried - Solln
Gesundheit,Apotheken,Wert,4215.6,37940,9,,,,Hauptwohnsitzbevölkerung,Apotheken,,,,2007,Stadtbezirk,6,06 Sendling
Gesundheit,Apotheken,Wert,5633.0,28165,5,,,,Hauptwohnsitzbevölkerung,Apotheken,,,,2007,Stadtbezirk,23,23 Allach - Untermenzing
Gesundheit,Apotheken,Wert,2553.3,63832,25,,,,Hauptwohnsitzbevölkerung,Apotheken,,,,2007,Stadtbezirk,12,12 Schwabing - Freimann
Gesundheit,Apotheken,Wert,3978.5,39785,10,,,,Hauptwohnsitzbevölkerung,Apotheken,,,,2007,Stadtbezirk,14,14 Berg am Laim
Gesundheit,Apotheken,Wert,4082.5,48990,12,,,,Hauptwohnsitzbevölkerung,Apotheken,,,,2007,Stadtbezirk,18,18 Untergiesing - Harlaching
Gesundheit,Apotheken,Wert,3413.6,47791,14,,,,Hauptwohnsitzbevölkerung,Apotheken,,,,2007,Stadtbezirk,17,17 Obergiesing - Fasangarten
Gesundheit,Apotheken,Wert,2403.8,55288,23,,,,Hauptwohnsitzbevölkerung,Apotheken,,,,2007,Stadtbezirk,5,05 Au - Haidhausen
Gesundheit,Apotheken,Wert,3320.5,1351445,407,,,,Hauptwohnsitzbevölkerung,Apotheken,,,,2007,Gesamtstadt,#100,Stadt München
Gesundheit,Apotheken,Wert,4391.5,48306,11,,,,Hauptwohnsitzbevölkerung,Apotheken,,,,2007,Stadtbezirk,10,10 Moosach
Gesundheit,Apotheken,Wert,3409.1,64773,19,,,,Hauptwohnsitzbevölkerung,Apotheken,,,,2007,Stadtbezirk,21,21 Pasing - Obermenzing
Gesundheit,Apotheken,Wert,3183.9,85964,27,,,,Hauptwohnsitzbevölkerung,Apotheken,,,,2007,Stadtbezirk,9,09 Neuhausen - Nymphenburg
Gesundheit,Apotheken,Wert,3359.6,26877,8,,,,Hauptwohnsitzbevölkerung,Apotheken,,,,2007,Stadtbezirk,8,08 Schwanthalerhöhe
Gesundheit,Apotheken,Wert,5117.7,46059,9,,,,Hauptwohnsitzbevölkerung,Apotheken,,,,2007,Stadtbezirk,20,20 Hadern
Gesundheit,Apotheken,Wert,2272.0,47711,21,,,,Hauptwohnsitzbevölkerung,Apotheken,,,,2007,Stadtbezirk,3,03 Maxvorstadt
Gesundheit,Apotheken,Wert,2976.5,50600,17,,,,Hauptwohnsitzbevölkerung,Apotheken,,,,2007,Stadtbezirk,25,25 Laim
Gesundheit,Apotheken,Wert,3809.1,38091,10,,,,Hauptwohnsitzbevölkerung,Apotheken,,,,2007,Stadtbezirk,22,22 Aubing - Lochhausen - Langwied
Gesundheit,Apotheken,Wert,4704.1,51745,11,,,,Hauptwohnsitzbevölkerung,Apotheken,,,,2007,Stadtbezirk,7,07 Sendling - Westpark
Gesundheit,Apotheken,Wert,1453.8,46520,32,,,,Hauptwohnsitzbevölkerung,Apotheken,,,,2007,Stadtbezirk,2,02 Ludwigsvorstadt - Isarvorstadt
Gesundheit,Apotheken,Wert,3652.8,76709,21,,,,Hauptwohnsitzbevölkerung,Apotheken,,,,2007,Stadtbezirk,13,13 Bogenhausen
Gesundheit,Apotheken,Wert,4750.6,52257,11,,,,Hauptwohnsitzbevölkerung,Apotheken,,,,2008,Stadtbezirk,7,07 Sendling - Westpark
Gesundheit,Apotheken,Wert,2475.0,64350,26,,,,Hauptwohnsitzbevölkerung,Apotheken,,,,2008,Stadtbezirk,12,12 Schwabing - Freimann
Gesundheit,Apotheken,Wert,5153.9,46385,9,,,,Hauptwohnsitzbevölkerung,Apotheken,,,,2008,Stadtbezirk,20,20 Hadern
Gesundheit,Apotheken,Wert,3019.4,51329,17,,,,Hauptwohnsitzbevölkerung,Apotheken,,,,2008,Stadtbezirk,25,25 Laim
Gesundheit,Apotheken,Wert,4023.5,48282,12,,,,Hauptwohnsitzbevölkerung,Apotheken,,,,2008,Stadtbezirk,17,17 Obergiesing - Fasangarten
Gesundheit,Apotheken,Wert,3639.9,40039,11,,,,Hauptwohnsitzbevölkerung,Apotheken,,,,2008,Stadtbezirk,14,14 Berg am Laim
Gesundheit,Apotheken,Wert,3367.8,1367314,406,,,,Hauptwohnsitzbevölkerung,Apotheken,,,,2008,Gesamtstadt,#100,Stadt München
Gesundheit,Apotheken,Wert,3855.6,77112,20,,,,Hauptwohnsitzbevölkerung,Apotheken,,,,2008,Stadtbezirk,13,13 Bogenhausen
Gesundheit,Apotheken,Wert,5759.2,28796,5,,,,Hauptwohnsitzbevölkerung,Apotheken,,,,2008,Stadtbezirk,23,23 Allach - Untermenzing
Gesundheit,Apotheken,Wert,3310.8,82771,25,,,,Hauptwohnsitzbevölkerung,Apotheken,,,,2008,Stadtbezirk,19,19 Thalkirchen - Obersendling - Forstenried - Fürstenried - Solln
Gesundheit,Apotheken,Wert,6185.2,55667,9,,,,Hauptwohnsitzbevölkerung,Apotheken,,,,2008,Stadtbezirk,24,24 Feldmoching - Hasenbergl
Gesundheit,Apotheken,Wert,4404.6,48451,11,,,,Hauptwohnsitzbevölkerung,Apotheken,,,,2008,Stadtbezirk,10,10 Moosach
Gesundheit,Apotheken,Wert,2538.8,55853,22,,,,Hauptwohnsitzbevölkerung,Apotheken,,,,2008,Stadtbezirk,5,05 Au - Haidhausen
Gesundheit,Apotheken,Wert,4262.4,68198,16,,,,Hauptwohnsitzbevölkerung,Apotheken,,,,2008,Stadtbezirk,11,11 Milbertshofen - Am Hart
Gesundheit,Apotheken,Wert,812.7,19505,24,,,,Hauptwohnsitzbevölkerung,Apotheken,,,,2008,Stadtbezirk,1,01 Altstadt - Lehel
Gesundheit,Apotheken,Wert,3223.8,87043,27,,,,Hauptwohnsitzbevölkerung,Apotheken,,,,2008,Stadtbezirk,9,09 Neuhausen - Nymphenburg
Gesundheit,Apotheken,Wert,3832.7,38327,10,,,,Hauptwohnsitzbevölkerung,Apotheken,,,,2008,Stadtbezirk,22,22 Aubing - Lochhausen - Langwied
Gesundheit,Apotheken,Wert,3472.3,27778,8,,,,Hauptwohnsitzbevölkerung,Apotheken,,,,2008,Stadtbezirk,8,08 Schwanthalerhöhe
Gesundheit,Apotheken,Wert,7378.9,59031,8,,,,Hauptwohnsitzbevölkerung,Apotheken,,,,2008,Stadtbezirk,15,15 Trudering - Riem
Gesundheit,Apotheken,Wert,3127.1,62541,20,,,,Hauptwohnsitzbevölkerung,Apotheken,,,,2008,Stadtbezirk,4,04 Schwabing - West
Gesundheit,Apotheken,Wert,4259.4,38335,9,,,,Hauptwohnsitzbevölkerung,Apotheken,,,,2008,Stadtbezirk,6,06 Sendling
Gesundheit,Apotheken,Wert,3436.3,65290,19,,,,Hauptwohnsitzbevölkerung,Apotheken,,,,2008,Stadtbezirk,21,21 Pasing - Obermenzing
Gesundheit,Apotheken,Wert,2327.8,48884,21,,,,Hauptwohnsitzbevölkerung,Apotheken,,,,2008,Stadtbezirk,3,03 Maxvorstadt
Gesundheit,Apotheken,Wert,4115.9,49391,12,,,,Hauptwohnsitzbevölkerung,Apotheken,,,,2008,Stadtbezirk,18,18 Untergiesing - Harlaching
Gesundheit,Apotheken,Wert,1360.0,47599,35,,,,Hauptwohnsitzbevölkerung,Apotheken,,,,2008,Stadtbezirk,2,02 Ludwigsvorstadt - Isarvorstadt
Gesundheit,Apotheken,Wert,5478.4,104089,19,,,,Hauptwohnsitzbevölkerung,Apotheken,,,,2008,Stadtbezirk,16,16 Ramersdorf - Perlach
Gesundheit,Apotheken,Wert,4426.5,48692,11,,,,Hauptwohnsitzbevölkerung,Apotheken,,,,2009,Stadtbezirk,10,10 Moosach
Gesundheit,Apotheken,Wert,788.8,18932,24,,,,Hauptwohnsitzbevölkerung,Apotheken,,,,2009,Stadtbezirk,1,01 Altstadt - Lehel
Gesundheit,Apotheken,Wert,2655.0,63720,24,,,,Hauptwohnsitzbevölkerung,Apotheken,,,,2009,Stadtbezirk,12,12 Schwabing - Freimann
Gesundheit,Apotheken,Wert,6131.1,55180,9,,,,Hauptwohnsitzbevölkerung,Apotheken,,,,2009,Stadtbezirk,24,24 Feldmoching - Hasenbergl
Gesundheit,Apotheken,Wert,3019.9,51338,17,,,,Hauptwohnsitzbevölkerung,Apotheken,,,,2009,Stadtbezirk,25,25 Laim
Gesundheit,Apotheken,Wert,2526.8,55590,22,,,,Hauptwohnsitzbevölkerung,Apotheken,,,,2009,Stadtbezirk,5,05 Au - Haidhausen
Gesundheit,Apotheken,Wert,1327.0,46446,35,,,,Hauptwohnsitzbevölkerung,Apotheken,,,,2009,Stadtbezirk,2,02 Ludwigsvorstadt - Isarvorstadt
Gesundheit,Apotheken,Wert,3725.0,48425,13,,,,Hauptwohnsitzbevölkerung,Apotheken,,,,2009,Stadtbezirk,17,17 Obergiesing - Fasangarten
Gesundheit,Apotheken,Wert,3476.8,27814,8,,,,Hauptwohnsitzbevölkerung,Apotheken,,,,2009,Stadtbezirk,8,08 Schwanthalerhöhe
Gesundheit,Apotheken,Wert,3299.3,82482,25,,,,Hauptwohnsitzbevölkerung,Apotheken,,,,2009,Stadtbezirk,19,19 Thalkirchen - Obersendling - Forstenried - Fürstenried - Solln
Gesundheit,Apotheken,Wert,4234.7,38112,9,,,,Hauptwohnsitzbevölkerung,Apotheken,,,,2009,Stadtbezirk,6,06 Sendling
Gesundheit,Apotheken,Wert,7609.9,60879,8,,,,Hauptwohnsitzbevölkerung,Apotheken,,,,2009,Stadtbezirk,15,15 Trudering - Riem
Gesundheit,Apotheken,Wert,5165.6,46490,9,,,,Hauptwohnsitzbevölkerung,Apotheken,,,,2009,Stadtbezirk,20,20 Hadern
Gesundheit,Apotheken,Wert,4744.1,52185,11,,,,Hauptwohnsitzbevölkerung,Apotheken,,,,2009,Stadtbezirk,7,07 Sendling - Westpark
Gesundheit,Apotheken,Wert,4939.6,103732,21,,,,Hauptwohnsitzbevölkerung,Apotheken,,,,2009,Stadtbezirk,16,16 Ramersdorf - Perlach
Gesundheit,Apotheken,Wert,3264.6,62028,19,,,,Hauptwohnsitzbevölkerung,Apotheken,,,,2009,Stadtbezirk,4,04 Schwabing - West
Gesundheit,Apotheken,Wert,3651.6,76684,21,,,,Hauptwohnsitzbevölkerung,Apotheken,,,,2009,Stadtbezirk,13,13 Bogenhausen
Gesundheit,Apotheken,Wert,4075.9,48911,12,,,,Hauptwohnsitzbevölkerung,Apotheken,,,,2009,Stadtbezirk,18,18 Untergiesing - Harlaching
Gesundheit,Apotheken,Wert,3351.8,1364194,407,,,,Hauptwohnsitzbevölkerung,Apotheken,,,,2009,Gesamtstadt,#100,Stadt München
Gesundheit,Apotheken,Wert,4251.4,68023,16,,,,Hauptwohnsitzbevölkerung,Apotheken,,,,2009,Stadtbezirk,11,11 Milbertshofen - Am Hart
Gesundheit,Apotheken,Wert,3435.7,65279,19,,,,Hauptwohnsitzbevölkerung,Apotheken,,,,2009,Stadtbezirk,21,21 Pasing - Obermenzing
Gesundheit,Apotheken,Wert,3617.0,39787,11,,,,Hauptwohnsitzbevölkerung,Apotheken,,,,2009,Stadtbezirk,14,14 Berg am Laim
Gesundheit,Apotheken,Wert,3826.8,38268,10,,,,Hauptwohnsitzbevölkerung,Apotheken,,,,2009,Stadtbezirk,22,22 Aubing - Lochhausen - Langwied
Gesundheit,Apotheken,Wert,5746.4,28732,5,,,,Hauptwohnsitzbevölkerung,Apotheken,,,,2009,Stadtbezirk,23,23 Allach - Untermenzing
Gesundheit,Apotheken,Wert,2315.2,48619,21,,,,Hauptwohnsitzbevölkerung,Apotheken,,,,2009,Stadtbezirk,3,03 Maxvorstadt
Gesundheit,Apotheken,Wert,3253.6,87846,27,,,,Hauptwohnsitzbevölkerung,Apotheken,,,,2009,Stadtbezirk,9,09 Neuhausen - Nymphenburg
Gesundheit,Apotheken,Wert,3312.2,66244,20,,,,Hauptwohnsitzbevölkerung,Apotheken,,,,2010,Stadtbezirk,21,21 Pasing - Obermenzing
Gesundheit,Apotheken,Wert,4285.2,38567,9,,,,Hauptwohnsitzbevölkerung,Apotheken,,,,2010,Stadtbezirk,6,06 Sendling
Gesundheit,Apotheken,Wert,6236.7,56130,9,,,,Hauptwohnsitzbevölkerung,Apotheken,,,,2010,Stadtbezirk,24,24 Feldmoching - Hasenbergl
Gesundheit,Apotheken,Wert,5205.7,46851,9,,,,Hauptwohnsitzbevölkerung,Apotheken,,,,2010,Stadtbezirk,20,20 Hadern
Gesundheit,Apotheken,Wert,3500.5,28004,8,,,,Hauptwohnsitzbevölkerung,Apotheken,,,,2010,Stadtbezirk,8,08 Schwanthalerhöhe
Gesundheit,Apotheken,Wert,3877.1,77542,20,,,,Hauptwohnsitzbevölkerung,Apotheken,,,,2010,Stadtbezirk,13,13 Bogenhausen
Gesundheit,Apotheken,Wert,5249.5,52495,10,,,,Hauptwohnsitzbevölkerung,Apotheken,,,,2010,Stadtbezirk,7,07 Sendling - Westpark
Gesundheit,Apotheken,Wert,7844.5,62756,8,,,,Hauptwohnsitzbevölkerung,Apotheken,,,,2010,Stadtbezirk,15,15 Trudering - Riem
Gesundheit,Apotheken,Wert,2506.1,65158,26,,,,Hauptwohnsitzbevölkerung,Apotheken,,,,2010,Stadtbezirk,12,12 Schwabing - Freimann
Gesundheit,Apotheken,Wert,4500.2,49502,11,,,,Hauptwohnsitzbevölkerung,Apotheken,,,,2010,Stadtbezirk,18,18 Untergiesing - Harlaching
Gesundheit,Apotheken,Wert,3686.4,40550,11,,,,Hauptwohnsitzbevölkerung,Apotheken,,,,2010,Stadtbezirk,14,14 Berg am Laim
Gesundheit,Apotheken,Wert,3308.2,62856,19,,,,Hauptwohnsitzbevölkerung,Apotheken,,,,2010,Stadtbezirk,4,04 Schwabing - West
Gesundheit,Apotheken,Wert,4085.8,49030,12,,,,Hauptwohnsitzbevölkerung,Apotheken,,,,2010,Stadtbezirk,17,17 Obergiesing - Fasangarten
Gesundheit,Apotheken,Wert,800.3,19207,24,,,,Hauptwohnsitzbevölkerung,Apotheken,,,,2010,Stadtbezirk,1,01 Altstadt - Lehel
Gesundheit,Apotheken,Wert,2560.1,56322,22,,,,Hauptwohnsitzbevölkerung,Apotheken,,,,2010,Stadtbezirk,5,05 Au - Haidhausen
Gesundheit,Apotheken,Wert,4035.1,48421,12,,,,Hauptwohnsitzbevölkerung,Apotheken,,,,2010,Stadtbezirk,10,10 Moosach
Gesundheit,Apotheken,Wert,4598.0,68970,15,,,,Hauptwohnsitzbevölkerung,Apotheken,,,,2010,Stadtbezirk,11,11 Milbertshofen - Am Hart
Gesundheit,Apotheken,Wert,5832.2,29161,5,,,,Hauptwohnsitzbevölkerung,Apotheken,,,,2010,Stadtbezirk,23,23 Allach - Untermenzing
Gesundheit,Apotheken,Wert,3214.8,83584,26,,,,Hauptwohnsitzbevölkerung,Apotheken,,,,2010,Stadtbezirk,19,19 Thalkirchen - Obersendling - Forstenried - Fürstenried - Solln
Gesundheit,Apotheken,Wert,2572.4,48875,19,,,,Hauptwohnsitzbevölkerung,Apotheken,,,,2010,Stadtbezirk,3,03 Maxvorstadt
Gesundheit,Apotheken,Wert,3306.9,89286,27,,,,Hauptwohnsitzbevölkerung,Apotheken,,,,2010,Stadtbezirk,9,09 Neuhausen - Nymphenburg
Gesundheit,Apotheken,Wert,4987.5,104737,21,,,,Hauptwohnsitzbevölkerung,Apotheken,,,,2010,Stadtbezirk,16,16 Ramersdorf - Perlach
Gesundheit,Apotheken,Wert,3886.3,38863,10,,,,Hauptwohnsitzbevölkerung,Apotheken,,,,2010,Stadtbezirk,22,22 Aubing - Lochhausen - Langwied
Gesundheit,Apotheken,Wert,3430.0,1382273,403,,,,Hauptwohnsitzbevölkerung,Apotheken,,,,2010,Gesamtstadt,#100,Stadt München
Gesundheit,Apotheken,Wert,1435.1,47357,33,,,,Hauptwohnsitzbevölkerung,Apotheken,,,,2010,Stadtbezirk,2,02 Ludwigsvorstadt - Isarvorstadt
Gesundheit,Apotheken,Wert,3047.4,51805,17,,,,Hauptwohnsitzbevölkerung,Apotheken,,,,2010,Stadtbezirk,25,25 Laim
Gesundheit,Apotheken,Wert,2604.4,57297,22,,,,Hauptwohnsitzbevölkerung,Apotheken,,,,2011,Stadtbezirk,5,05 Au - Haidhausen
Gesundheit,Apotheken,Wert,788.3,19707,25,,,,Hauptwohnsitzbevölkerung,Apotheken,,,,2011,Stadtbezirk,1,01 Altstadt - Lehel
Gesundheit,Apotheken,Wert,3232.3,67878,21,,,,Hauptwohnsitzbevölkerung,Apotheken,,,,2011,Stadtbezirk,21,21 Pasing - Obermenzing
Gesundheit,Apotheken,Wert,3287.2,85468,26,,,,Hauptwohnsitzbevölkerung,Apotheken,,,,2011,Stadtbezirk,19,19 Thalkirchen - Obersendling - Forstenried - Fürstenried - Solln
Gesundheit,Apotheken,Wert,5045.5,50455,10,,,,Hauptwohnsitzbevölkerung,Apotheken,,,,2011,Stadtbezirk,18,18 Untergiesing - Harlaching
Gesundheit,Apotheken,Wert,5938.6,29693,5,,,,Hauptwohnsitzbevölkerung,Apotheken,,,,2011,Stadtbezirk,23,23 Allach - Untermenzing
Gesundheit,Apotheken,Wert,4221.3,50656,12,,,,Hauptwohnsitzbevölkerung,Apotheken,,,,2011,Stadtbezirk,17,17 Obergiesing - Fasangarten
Gesundheit,Apotheken,Wert,3500.6,1410741,403,,,,Hauptwohnsitzbevölkerung,Apotheken,,,,2011,Gesamtstadt,#100,Stadt München
Gesundheit,Apotheken,Wert,3958.8,79175,20,,,,Hauptwohnsitzbevölkerung,Apotheken,,,,2011,Stadtbezirk,13,13 Bogenhausen
Gesundheit,Apotheken,Wert,3584.8,28678,8,,,,Hauptwohnsitzbevölkerung,Apotheken,,,,2011,Stadtbezirk,8,08 Schwanthalerhöhe
Gesundheit,Apotheken,Wert,4698.0,70470,15,,,,Hauptwohnsitzbevölkerung,Apotheken,,,,2011,Stadtbezirk,11,11 Milbertshofen - Am Hart
Gesundheit,Apotheken,Wert,6353.7,57183,9,,,,Hauptwohnsitzbevölkerung,Apotheken,,,,2011,Stadtbezirk,24,24 Feldmoching - Hasenbergl
Gesundheit,Apotheken,Wert,2749.9,49498,18,,,,Hauptwohnsitzbevölkerung,Apotheken,,,,2011,Stadtbezirk,3,03 Maxvorstadt
Gesundheit,Apotheken,Wert,3101.9,52733,17,,,,Hauptwohnsitzbevölkerung,Apotheken,,,,2011,Stadtbezirk,25,25 Laim
Gesundheit,Apotheken,Wert,3349.7,63644,19,,,,Hauptwohnsitzbevölkerung,Apotheken,,,,2011,Stadtbezirk,4,04 Schwabing - West
Gesundheit,Apotheken,Wert,3617.2,39789,11,,,,Hauptwohnsitzbevölkerung,Apotheken,,,,2011,Stadtbezirk,22,22 Aubing - Lochhausen - Langwied
Gesundheit,Apotheken,Wert,3290.7,92139,28,,,,Hauptwohnsitzbevölkerung,Apotheken,,,,2011,Stadtbezirk,9,09 Neuhausen - Nymphenburg
Gesundheit,Apotheken,Wert,4115.3,49384,12,,,,Hauptwohnsitzbevölkerung,Apotheken,,,,2011,Stadtbezirk,10,10 Moosach
Gesundheit,Apotheken,Wert,4875.3,39002,8,,,,Hauptwohnsitzbevölkerung,Apotheken,,,,2011,Stadtbezirk,6,06 Sendling
Gesundheit,Apotheken,Wert,5273.2,47459,9,,,,Hauptwohnsitzbevölkerung,Apotheken,,,,2011,Stadtbezirk,20,20 Hadern
Gesundheit,Apotheken,Wert,3758.4,41342,11,,,,Hauptwohnsitzbevölkerung,Apotheken,,,,2011,Stadtbezirk,14,14 Berg am Laim
Gesundheit,Apotheken,Wert,1461.5,48231,33,,,,Hauptwohnsitzbevölkerung,Apotheken,,,,2011,Stadtbezirk,2,02 Ludwigsvorstadt - Isarvorstadt
Gesundheit,Apotheken,Wert,8122.9,64983,8,,,,Hauptwohnsitzbevölkerung,Apotheken,,,,2011,Stadtbezirk,15,15 Trudering - Riem
Gesundheit,Apotheken,Wert,5295.0,105900,20,,,,Hauptwohnsitzbevölkerung,Apotheken,,,,2011,Stadtbezirk,16,16 Ramersdorf - Perlach
Gesundheit,Apotheken,Wert,2565.6,66706,26,,,,Hauptwohnsitzbevölkerung,Apotheken,,,,2011,Stadtbezirk,12,12 Schwabing - Freimann
Gesundheit,Apotheken,Wert,5327.1,53271,10,,,,Hauptwohnsitzbevölkerung,Apotheken,,,,2011,Stadtbezirk,7,07 Sendling - Westpark
Gesundheit,Apotheken,Wert,3138.8,53359,17,,,,Hauptwohnsitzbevölkerung,Apotheken,,,,2012,Stadtbezirk,25,25 Laim
Gesundheit,Apotheken,Wert,5118.0,51180,10,,,,Hauptwohnsitzbevölkerung,Apotheken,,,,2012,Stadtbezirk,18,18 Untergiesing - Harlaching
Gesundheit,Apotheken,Wert,2635.8,68530,26,,,,Hauptwohnsitzbevölkerung,Apotheken,,,,2012,Stadtbezirk,12,12 Schwabing - Freimann
Gesundheit,Apotheken,Wert,6471.7,58245,9,,,,Hauptwohnsitzbevölkerung,Apotheken,,,,2012,Stadtbezirk,24,24 Feldmoching - Hasenbergl
Gesundheit,Apotheken,Wert,2826.5,50877,18,,,,Hauptwohnsitzbevölkerung,Apotheken,,,,2012,Stadtbezirk,3,03 Maxvorstadt
Gesundheit,Apotheken,Wert,3644.2,1439474,395,,,,Hauptwohnsitzbevölkerung,Apotheken,,,,2012,Gesamtstadt,#100,Stadt München
Gesundheit,Apotheken,Wert,4253.5,80816,19,,,,Hauptwohnsitzbevölkerung,Apotheken,,,,2012,Stadtbezirk,13,13 Bogenhausen
Gesundheit,Apotheken,Wert,3737.8,41116,11,,,,Hauptwohnsitzbevölkerung,Apotheken,,,,2012,Stadtbezirk,22,22 Aubing - Lochhausen - Langwied
Gesundheit,Apotheken,Wert,4654.6,51201,11,,,,Hauptwohnsitzbevölkerung,Apotheken,,,,2012,Stadtbezirk,17,17 Obergiesing - Fasangarten
Gesundheit,Apotheken,Wert,3366.3,94257,28,,,,Hauptwohnsitzbevölkerung,Apotheken,,,,2012,Stadtbezirk,9,09 Neuhausen - Nymphenburg
Gesundheit,Apotheken,Wert,835.3,20048,24,,,,Hauptwohnsitzbevölkerung,Apotheken,,,,2012,Stadtbezirk,1,01 Altstadt - Lehel
Gesundheit,Apotheken,Wert,5993.6,47949,8,,,,Hauptwohnsitzbevölkerung,Apotheken,,,,2012,Stadtbezirk,20,20 Hadern
Gesundheit,Apotheken,Wert,4187.8,50253,12,,,,Hauptwohnsitzbevölkerung,Apotheken,,,,2012,Stadtbezirk,10,10 Moosach
Gesundheit,Apotheken,Wert,3846.6,42313,11,,,,Hauptwohnsitzbevölkerung,Apotheken,,,,2012,Stadtbezirk,14,14 Berg am Laim
Gesundheit,Apotheken,Wert,7318.8,65869,9,,,,Hauptwohnsitzbevölkerung,Apotheken,,,,2012,Stadtbezirk,15,15 Trudering - Riem
Gesundheit,Apotheken,Wert,5640.2,107164,19,,,,Hauptwohnsitzbevölkerung,Apotheken,,,,2012,Stadtbezirk,16,16 Ramersdorf - Perlach
Gesundheit,Apotheken,Wert,3598.3,64770,18,,,,Hauptwohnsitzbevölkerung,Apotheken,,,,2012,Stadtbezirk,4,04 Schwabing - West
Gesundheit,Apotheken,Wert,4959.3,54552,11,,,,Hauptwohnsitzbevölkerung,Apotheken,,,,2012,Stadtbezirk,7,07 Sendling - Westpark
Gesundheit,Apotheken,Wert,2676.4,58881,22,,,,Hauptwohnsitzbevölkerung,Apotheken,,,,2012,Stadtbezirk,5,05 Au - Haidhausen
Gesundheit,Apotheken,Wert,3636.3,87271,24,,,,Hauptwohnsitzbevölkerung,Apotheken,,,,2012,Stadtbezirk,19,19 Thalkirchen - Obersendling - Forstenried - Fürstenried - Solln
Gesundheit,Apotheken,Wert,6078.6,30393,5,,,,Hauptwohnsitzbevölkerung,Apotheken,,,,2012,Stadtbezirk,23,23 Allach - Untermenzing
Gesundheit,Apotheken,Wert,3675.3,29402,8,,,,Hauptwohnsitzbevölkerung,Apotheken,,,,2012,Stadtbezirk,8,08 Schwanthalerhöhe
Gesundheit,Apotheken,Wert,3464.8,69295,20,,,,Hauptwohnsitzbevölkerung,Apotheken,,,,2012,Stadtbezirk,21,21 Pasing - Obermenzing
Gesundheit,Apotheken,Wert,1504.8,49657,33,,,,Hauptwohnsitzbevölkerung,Apotheken,,,,2012,Stadtbezirk,2,02 Ludwigsvorstadt - Isarvorstadt
Gesundheit,Apotheken,Wert,4945.9,39567,8,,,,Hauptwohnsitzbevölkerung,Apotheken,,,,2012,Stadtbezirk,6,06 Sendling
Gesundheit,Apotheken,Wert,5179.0,72506,14,,,,Hauptwohnsitzbevölkerung,Apotheken,,,,2012,Stadtbezirk,11,11 Milbertshofen - Am Hart
Gesundheit,Apotheken,Wert,4323.1,82138,19,,,,Hauptwohnsitzbevölkerung,Apotheken,,,,2013,Stadtbezirk,13,13 Bogenhausen
Gesundheit,Apotheken,Wert,3707.9,29663,8,,,,Hauptwohnsitzbevölkerung,Apotheken,,,,2013,Stadtbezirk,8,08 Schwanthalerhöhe
Gesundheit,Apotheken,Wert,2845.3,59752,21,,,,Hauptwohnsitzbevölkerung,Apotheken,,,,2013,Stadtbezirk,5,05 Au - Haidhausen
Gesundheit,Apotheken,Wert,4907.8,73617,15,,,,Hauptwohnsitzbevölkerung,Apotheken,,,,2013,Stadtbezirk,11,11 Milbertshofen - Am Hart
Gesundheit,Apotheken,Wert,6599.0,59391,9,,,,Hauptwohnsitzbevölkerung,Apotheken,,,,2013,Stadtbezirk,24,24 Feldmoching - Hasenbergl
Gesundheit,Apotheken,Wert,6013.6,108244,18,,,,Hauptwohnsitzbevölkerung,Apotheken,,,,2013,Stadtbezirk,16,16 Ramersdorf - Perlach
Gesundheit,Apotheken,Wert,850.9,20422,24,,,,Hauptwohnsitzbevölkerung,Apotheken,,,,2013,Stadtbezirk,1,01 Altstadt - Lehel
Gesundheit,Apotheken,Wert,5036.8,55405,11,,,,Hauptwohnsitzbevölkerung,Apotheken,,,,2013,Stadtbezirk,7,07 Sendling - Westpark
Gesundheit,Apotheken,Wert,3915.3,43068,11,,,,Hauptwohnsitzbevölkerung,Apotheken,,,,2013,Stadtbezirk,14,14 Berg am Laim
Gesundheit,Apotheken,Wert,3552.1,95906,27,,,,Hauptwohnsitzbevölkerung,Apotheken,,,,2013,Stadtbezirk,9,09 Neuhausen - Nymphenburg
Gesundheit,Apotheken,Wert,4681.7,51499,11,,,,Hauptwohnsitzbevölkerung,Apotheken,,,,2013,Stadtbezirk,17,17 Obergiesing - Fasangarten
Gesundheit,Apotheken,Wert,8376.1,67009,8,,,,Hauptwohnsitzbevölkerung,Apotheken,,,,2013,Stadtbezirk,15,15 Trudering - Riem
Gesundheit,Apotheken,Wert,5193.7,51937,10,,,,Hauptwohnsitzbevölkerung,Apotheken,,,,2013,Stadtbezirk,18,18 Untergiesing - Harlaching
Gesundheit,Apotheken,Wert,6147.4,30737,5,,,,Hauptwohnsitzbevölkerung,Apotheken,,,,2013,Stadtbezirk,23,23 Allach - Untermenzing
Gesundheit,Apotheken,Wert,3782.9,90790,24,,,,Hauptwohnsitzbevölkerung,Apotheken,,,,2013,Stadtbezirk,19,19 Thalkirchen - Obersendling - Forstenried - Fürstenried - Solln
Gesundheit,Apotheken,Wert,6118.1,48945,8,,,,Hauptwohnsitzbevölkerung,Apotheken,,,,2013,Stadtbezirk,20,20 Hadern
Gesundheit,Apotheken,Wert,1581.9,50620,32,,,,Hauptwohnsitzbevölkerung,Apotheken,,,,2013,Stadtbezirk,2,02 Ludwigsvorstadt - Isarvorstadt
Gesundheit,Apotheken,Wert,3845.9,42305,11,,,,Hauptwohnsitzbevölkerung,Apotheken,,,,2013,Stadtbezirk,22,22 Aubing - Lochhausen - Langwied
Gesundheit,Apotheken,Wert,3660.7,65892,18,,,,Hauptwohnsitzbevölkerung,Apotheken,,,,2013,Stadtbezirk,4,04 Schwabing - West
Gesundheit,Apotheken,Wert,4994.1,39953,8,,,,Hauptwohnsitzbevölkerung,Apotheken,,,,2013,Stadtbezirk,6,06 Sendling
Gesundheit,Apotheken,Wert,2903.2,69676,24,,,,Hauptwohnsitzbevölkerung,Apotheken,,,,2013,Stadtbezirk,12,12 Schwabing - Freimann
Gesundheit,Apotheken,Wert,4294.8,51537,12,,,,Hauptwohnsitzbevölkerung,Apotheken,,,,2013,Stadtbezirk,10,10 Moosach
Gesundheit,Apotheken,Wert,2869.0,51642,18,,,,Hauptwohnsitzbevölkerung,Apotheken,,,,2013,Stadtbezirk,3,03 Maxvorstadt
Gesundheit,Apotheken,Wert,3178.2,54030,17,,,,Hauptwohnsitzbevölkerung,Apotheken,,,,2013,Stadtbezirk,25,25 Laim
Gesundheit,Apotheken,Wert,3775.7,1464962,388,,,,Hauptwohnsitzbevölkerung,Apotheken,,,,2013,Gesamtstadt,#100,Stadt München
Gesundheit,Apotheken,Wert,3725.4,70783,19,,,,Hauptwohnsitzbevölkerung,Apotheken,,,,2013,Stadtbezirk,21,21 Pasing - Obermenzing
Gesundheit,Apotheken,Wert,6234.3,49874,8,,,,Hauptwohnsitzbevölkerung,Apotheken,,,,2014,Stadtbezirk,20,20 Hadern
Gesundheit,Apotheken,Wert,2920.8,52575,18,,,,Hauptwohnsitzbevölkerung,Apotheken,,,,2014,Stadtbezirk,3,03 Maxvorstadt
Gesundheit,Apotheken,Wert,3896.3,42859,11,,,,Hauptwohnsitzbevölkerung,Apotheken,,,,2014,Stadtbezirk,22,22 Aubing - Lochhausen - Langwied
Gesundheit,Apotheken,Wert,3760.4,30083,8,,,,Hauptwohnsitzbevölkerung,Apotheken,,,,2014,Stadtbezirk,8,08 Schwanthalerhöhe
Gesundheit,Apotheken,Wert,5052.8,40422,8,,,,Hauptwohnsitzbevölkerung,Apotheken,,,,2014,Stadtbezirk,6,06 Sendling
Gesundheit,Apotheken,Wert,3783.2,71880,19,,,,Hauptwohnsitzbevölkerung,Apotheken,,,,2014,Stadtbezirk,21,21 Pasing - Obermenzing
Gesundheit,Apotheken,Wert,1683.1,52177,31,,,,Hauptwohnsitzbevölkerung,Apotheken,,,,2014,Stadtbezirk,2,02 Ludwigsvorstadt - Isarvorstadt
Gesundheit,Apotheken,Wert,3121.8,71802,23,,,,Hauptwohnsitzbevölkerung,Apotheken,,,,2014,Stadtbezirk,12,12 Schwabing - Freimann
Gesundheit,Apotheken,Wert,4415.8,83900,19,,,,Hauptwohnsitzbevölkerung,Apotheken,,,,2014,Stadtbezirk,13,13 Bogenhausen
Gesundheit,Apotheken,Wert,6270.6,31353,5,,,,Hauptwohnsitzbevölkerung,Apotheken,,,,2014,Stadtbezirk,23,23 Allach - Untermenzing
Gesundheit,Apotheken,Wert,4977.8,74667,15,,,,Hauptwohnsitzbevölkerung,Apotheken,,,,2014,Stadtbezirk,11,11 Milbertshofen - Am Hart
Gesundheit,Apotheken,Wert,7562.6,68063,9,,,,Hauptwohnsitzbevölkerung,Apotheken,,,,2014,Stadtbezirk,15,15 Trudering - Riem
Gesundheit,Apotheken,Wert,6695.8,60262,9,,,,Hauptwohnsitzbevölkerung,Apotheken,,,,2014,Stadtbezirk,24,24 Feldmoching - Hasenbergl
Gesundheit,Apotheken,Wert,866.9,20806,24,,,,Hauptwohnsitzbevölkerung,Apotheken,,,,2014,Stadtbezirk,1,01 Altstadt - Lehel
Gesundheit,Apotheken,Wert,6116.6,110099,18,,,,Hauptwohnsitzbevölkerung,Apotheken,,,,2014,Stadtbezirk,16,16 Ramersdorf - Perlach
Gesundheit,Apotheken,Wert,5135.0,56485,11,,,,Hauptwohnsitzbevölkerung,Apotheken,,,,2014,Stadtbezirk,7,07 Sendling - Westpark
Gesundheit,Apotheken,Wert,4787.0,52657,11,,,,Hauptwohnsitzbevölkerung,Apotheken,,,,2014,Stadtbezirk,10,10 Moosach
Gesundheit,Apotheken,Wert,5828.0,52452,9,,,,Hauptwohnsitzbevölkerung,Apotheken,,,,2014,Stadtbezirk,18,18 Untergiesing - Harlaching
Gesundheit,Apotheken,Wert,4002.0,44022,11,,,,Hauptwohnsitzbevölkerung,Apotheken,,,,2014,Stadtbezirk,14,14 Berg am Laim
Gesundheit,Apotheken,Wert,3218.5,54714,17,,,,Hauptwohnsitzbevölkerung,Apotheken,,,,2014,Stadtbezirk,25,25 Laim
Gesundheit,Apotheken,Wert,3808.8,91412,24,,,,Hauptwohnsitzbevölkerung,Apotheken,,,,2014,Stadtbezirk,19,19 Thalkirchen - Obersendling - Forstenried - Fürstenried - Solln
Gesundheit,Apotheken,Wert,3037.8,60756,20,,,,Hauptwohnsitzbevölkerung,Apotheken,,,,2014,Stadtbezirk,5,05 Au - Haidhausen
Gesundheit,Apotheken,Wert,3871.9,1490681,385,,,,Hauptwohnsitzbevölkerung,Apotheken,,,,2014,Gesamtstadt,#100,Stadt München
Gesundheit,Apotheken,Wert,4395.3,52743,12,,,,Hauptwohnsitzbevölkerung,Apotheken,,,,2014,Stadtbezirk,17,17 Obergiesing - Fasangarten
Gesundheit,Apotheken,Wert,3611.9,97521,27,,,,Hauptwohnsitzbevölkerung,Apotheken,,,,2014,Stadtbezirk,9,09 Neuhausen - Nymphenburg
Gesundheit,Apotheken,Wert,3727.4,67094,18,,,,Hauptwohnsitzbevölkerung,Apotheken,,,,2014,Stadtbezirk,4,04 Schwabing - West
Gesundheit,Apotheken,Wert,4184.8,54402,13,,,,Hauptwohnsitzbevölkerung,Apotheken,,,,2015,Stadtbezirk,17,17 Obergiesing - Fasangarten
Gesundheit,Apotheken,Wert,3525.1,98702,28,,,,Hauptwohnsitzbevölkerung,Apotheken,,,,2015,Stadtbezirk,9,09 Neuhausen - Nymphenburg
Gesundheit,Apotheken,Wert,4368.2,43682,10,,,,Hauptwohnsitzbevölkerung,Apotheken,,,,2015,Stadtbezirk,22,22 Aubing - Lochhausen - Langwied
Gesundheit,Apotheken,Wert,4523.5,85947,19,,,,Hauptwohnsitzbevölkerung,Apotheken,,,,2015,Stadtbezirk,13,13 Bogenhausen
Gesundheit,Apotheken,Wert,4841.9,53261,11,,,,Hauptwohnsitzbevölkerung,Apotheken,,,,2015,Stadtbezirk,10,10 Moosach
Gesundheit,Apotheken,Wert,4069.7,93602,23,,,,Hauptwohnsitzbevölkerung,Apotheken,,,,2015,Stadtbezirk,19,19 Thalkirchen - Obersendling - Forstenried - Fürstenried - Solln
Gesundheit,Apotheken,Wert,5930.8,53377,9,,,,Hauptwohnsitzbevölkerung,Apotheken,,,,2015,Stadtbezirk,18,18 Untergiesing - Harlaching
Gesundheit,Apotheken,Wert,4094.1,45035,11,,,,Hauptwohnsitzbevölkerung,Apotheken,,,,2015,Stadtbezirk,14,14 Berg am Laim
Gesundheit,Apotheken,Wert,2985.7,53743,18,,,,Hauptwohnsitzbevölkerung,Apotheken,,,,2015,Stadtbezirk,3,03 Maxvorstadt
Gesundheit,Apotheken,Wert,3807.1,68527,18,,,,Hauptwohnsitzbevölkerung,Apotheken,,,,2015,Stadtbezirk,4,04 Schwabing - West
Gesundheit,Apotheken,Wert,6376.4,31882,5,,,,Hauptwohnsitzbevölkerung,Apotheken,,,,2015,Stadtbezirk,23,23 Allach - Untermenzing
Gesundheit,Apotheken,Wert,3973.0,1521678,383,,,,Hauptwohnsitzbevölkerung,Apotheken,,,,2015,Gesamtstadt,#100,Stadt München
Gesundheit,Apotheken,Wert,3797.6,30381,8,,,,Hauptwohnsitzbevölkerung,Apotheken,,,,2015,Stadtbezirk,8,08 Schwanthalerhöhe
Gesundheit,Apotheken,Wert,3074.8,61495,20,,,,Hauptwohnsitzbevölkerung,Apotheken,,,,2015,Stadtbezirk,5,05 Au - Haidhausen
Gesundheit,Apotheken,Wert,1863.8,54049,29,,,,Hauptwohnsitzbevölkerung,Apotheken,,,,2015,Stadtbezirk,2,02 Ludwigsvorstadt - Isarvorstadt
Gesundheit,Apotheken,Wert,6837.1,61534,9,,,,Hauptwohnsitzbevölkerung,Apotheken,,,,2015,Stadtbezirk,24,24 Feldmoching - Hasenbergl
Gesundheit,Apotheken,Wert,3858.9,73320,19,,,,Hauptwohnsitzbevölkerung,Apotheken,,,,2015,Stadtbezirk,21,21 Pasing - Obermenzing
Gesundheit,Apotheken,Wert,5308.9,58398,11,,,,Hauptwohnsitzbevölkerung,Apotheken,,,,2015,Stadtbezirk,7,07 Sendling - Westpark
Gesundheit,Apotheken,Wert,3410.0,75020,22,,,,Hauptwohnsitzbevölkerung,Apotheken,,,,2015,Stadtbezirk,12,12 Schwabing - Freimann
Gesundheit,Apotheken,Wert,5032.5,75488,15,,,,Hauptwohnsitzbevölkerung,Apotheken,,,,2015,Stadtbezirk,11,11 Milbertshofen - Am Hart
Gesundheit,Apotheken,Wert,3076.3,55374,18,,,,Hauptwohnsitzbevölkerung,Apotheken,,,,2015,Stadtbezirk,25,25 Laim
Gesundheit,Apotheken,Wert,7758.9,69830,9,,,,Hauptwohnsitzbevölkerung,Apotheken,,,,2015,Stadtbezirk,15,15 Trudering - Riem
Gesundheit,Apotheken,Wert,6242.8,112371,18,,,,Hauptwohnsitzbevölkerung,Apotheken,,,,2015,Stadtbezirk,16,16 Ramersdorf - Perlach
Gesundheit,Apotheken,Wert,5109.9,40879,8,,,,Hauptwohnsitzbevölkerung,Apotheken,,,,2015,Stadtbezirk,6,06 Sendling
Gesundheit,Apotheken,Wert,6282.1,50257,8,,,,Hauptwohnsitzbevölkerung,Apotheken,,,,2015,Stadtbezirk,20,20 Hadern
Gesundheit,Apotheken,Wert,880.1,21122,24,,,,Hauptwohnsitzbevölkerung,Apotheken,,,,2015,Stadtbezirk,1,01 Altstadt - Lehel
